종목코드,순위
A101670,1
A086520,2
A073570,3
A001570,4
A114190,5
A002710,6
A005070,7
A006110,8
A035290,9
A010580,10
A002900,11
A009730,12
A277810,13
A108860,14
A003280,15
A042600,16
A095500,17
A222810,18
A234920,19
A007660,20
A121600,21
A029480,22
A281740,23
A005420,24
A317770,25
A336570,26
A085670,27
A178780,28
A106080,29
A182360,30
A003620,31
A096610,32
A005950,33
A006740,34
A007120,35
A035900,36
A064550,37
A001080,38
A214370,39
A011300,40
A173130,41
A003610,42
A093640,43
A035080,44
A145720,45
A058610,46
A335890,47
A093520,48
A041510,49
A052020,50
A138040,51
A010470,52
A150840,53
A066970,54
A036620,55
A018470,56
A053690,57
A095340,58
A113810,59
A317850,60
A109860,61
A079810,62
A012320,63
A003030,64
A004890,65
A078350,66
A101730,67
A270520,68
A024900,69
A060230,70
A011230,71
A074610,72
A038110,73
A083470,74
A095660,75
A208370,76
A005860,77
A036010,78
A267260,79
A009520,80
A317830,81
A010690,82
A025440,83
A048260,84
A073640,85
A007340,86
A011700,87
A214270,88
A137400,89
A373200,90
A012450,91
A108490,92
A053050,93
A003670,94
A214680,95
A085370,96
A064520,97
A033100,98
A101490,99
A179290,100
A006220,101
A117730,102
A200880,103
A024850,104
A090370,105
A357550,106
A033340,107
A058970,108
A032800,109
A001440,110
A122870,111
A051980,112
A090710,113
A064480,114
A032540,115
A094360,116
A225570,117
A028080,118
A078600,119
A094820,120
A064090,121
A190510,122
A033230,123
A134580,124
A065510,125
A118990,126
A033240,127
A064240,128
A351320,129
A001140,130
A054210,131
A214150,132
A263860,133
A003720,134
A037370,135
A060590,136
A272110,137
A008730,138
A353200,139
A066670,140
A010820,141
A015590,142
A028050,143
A287410,144
A088390,145
A013310,146
A219130,147
A005830,148
A318000,149
A079550,150
A012030,151
A032580,152
A011070,153
A023160,154
A103590,155
A105840,156
A138490,157
A093230,158
A101170,159
A086900,160
A079170,161
A101390,162
A027740,163
A355150,164
A195870,165
A249420,166
A010640,167
A056080,168
A246720,169
A206560,170
A122690,171
A030960,172
A263600,173
A290670,174
A083650,175
A091120,176
A016790,177
A009160,178
A322510,179
A300080,180
A006880,181
A019570,182
A332290,183
A171090,184
A047560,185
A004250,186
A119610,187
A054950,188
A004370,189
A189860,190
A009970,191
A015750,192
A115310,193
A217190,194
A126340,195
A263810,196
A071280,197
A047050,198
A161000,199
A140670,200
A179900,201
A041440,202
A083930,203
A284620,204
A064350,205
A001450,206
A054930,207
A222800,208
A215090,209
A040300,210
A024830,211
A214450,212
A099440,213
A047810,214
A298380,215
A126700,216
A131100,217
A004690,218
A025560,219
A059120,220
A036560,221
A320000,222
A090080,223
A033160,224
A005290,225
A363250,226
A010660,227
A348210,228
A041590,229
A014580,230
A079370,231
A102940,232
A005160,233
A008870,234
A368770,235
A067310,236
A001560,237
A130660,238
A218150,239
A215100,240
A007810,241
A014620,242
A290690,243
A117580,244
A090460,245
A187270,246
A008110,247
A098120,248
A022100,249
A017900,250
A082920,251
A000760,252
A051360,253
A069920,254
A094170,255
A048550,256
A003780,257
A282880,258
A067630,259
A049520,260
A091580,261
A306200,262
A049070,263
A090410,264
A153460,265
A001070,266
A174900,267
A036930,268
A049720,269
A089790,270
A003230,271
A203690,272
A013030,273
A007770,274
A089890,275
A011560,276
A340440,277
A214430,278
A000990,279
A093370,280
A001340,281
A200350,282
A000250,283
A009810,284
A298050,285
A015260,286
A041020,287
A290650,288
A251630,289
A105330,290
A028300,291
A263800,292
A220260,293
A057880,294
A009300,295
A090360,296
A321260,297
A114810,298
A126600,299
A037440,300
A093190,301
A008260,302
A065370,303
A052690,304
A053450,305
A352820,306
A006910,307
A086670,308
A101160,309
A083450,310
A010100,311
A083310,312
A002220,313
A058650,314
A044490,315
A109610,316
A140860,317
A307950,318
A003570,319
A316140,320
A211050,321
A059210,322
A007370,323
A230240,324
A060560,325
A322000,326
A006260,327
A166090,328
A151860,329
A054180,330
A000150,331
A047920,332
A175330,333
A100250,334
A168330,335
A060280,336
A247660,337
A043150,338
A058850,339
A021820,340
A011420,341
A025530,342
A018500,343
A253590,344
A004100,345
A215000,346
A078150,347
A000230,348
A228760,349
A009420,350
A000810,351
A006400,352
A002350,353
A074600,354
A241770,355
A024740,356
A014910,357
A311390,358
A063080,359
A056730,360
A072130,361
A180400,362
A271560,363
A047820,364
A025770,365
A002600,366
A002030,367
A087600,368
A100660,369
A037270,370
A267270,371
A043260,372
A036710,373
A212560,374
A170790,375
A005810,376
A032820,377
A000850,378
A003960,379
A150900,380
A004360,381
A009780,382
A038060,383
A109960,384
A080000,385
A013360,386
A114090,387
A108320,388
A141080,389
A060310,390
A035460,391
A047400,392
A083660,393
A057680,394
A196300,395
A018670,396
A254120,397
A241710,398
A115440,399
A123010,400
A032190,401
A039290,402
A310200,403
A003160,404
A010130,405
A036120,406
A058860,407
A025550,408
A241560,409
A100030,410
A298040,411
A024910,412
A215200,413
A026040,414
A029530,415
A104200,416
A177350,417
A005850,418
A307750,419
A127120,420
A058630,421
A128540,422
A053610,423
A282330,424
A182400,425
A071090,426
A000430,427
A010120,428
A001940,429
A111770,430
A277880,431
A136510,432
A317870,433
A347890,434
A069260,435
A090470,436
A019180,437
A307870,438
A207940,439
A000270,440
A003220,441
A119850,442
A024880,443
A037950,444
A365590,445
A307180,446
A333430,447
A077500,448
A042520,449
A054800,450
A092300,451
A046070,452
A004080,453
A033780,454
A073240,455
A145210,456
A081150,457
A126880,458
A006580,459
A012600,460
A015540,461
A065560,462
A069110,463
A109070,464
A160600,465
A223310,466
A257370,467
A002700,468
A076080,469
A001790,470
A225190,471
A013520,472
A149980,473
A204620,474
A015890,475
A238120,476
A189300,477
A226400,478
A024110,479
A010140,480
A338220,481
A189690,482
A036640,483
A012860,484
A053800,485
A049480,486
A002140,487
A089010,488
A051370,489
A099520,490
A007390,491
A100840,492
A011500,493
A200670,494
A094970,495
A000490,496
A002150,497
A171010,498
A213420,499
A064290,500
A005490,501
A219420,502
A004920,503
A078520,504
A264660,505
A007820,506
A033530,507
A089850,508
A115610,509
A100090,510
A144960,511
A060720,512
A038870,513
A091590,514
A025820,515
A019540,516
A000100,517
A318010,518
A086790,519
A001390,520
A051500,521
A034590,522
A030200,523
A056190,524
A091810,525
A101240,526
A136480,527
A079960,528
A277070,529
A006890,530
A056700,531
A049950,532
A103140,533
A009830,534
A042110,535
A077970,536
A035000,537
A038010,538
A369370,539
A237690,540
A039240,541
A014710,542
A086040,543
A054450,544
A040420,545
A011760,546
A018310,547
A001460,548
A299030,549
A010040,550
A005930,551
A017040,552
A205100,553
A123700,554
A085910,555
A274090,556
A222080,557
A045970,558
A001250,559
A352480,560
A065710,561
A109080,562
A031330,563
A031980,564
A036190,565
A158430,566
A175140,567
A053980,568
A036810,569
A247540,570
A085660,571
A131400,572
A071970,573
A001800,574
A000880,575
A282690,576
A225530,577
A084730,578
A080220,579
A014680,580
A251970,581
A029780,582
A112610,583
A173940,584
A006730,585
A069410,586
A092200,587
A001120,588
A048770,589
A060370,590
A094480,591
A211270,592
A086280,593
A170920,594
A058730,595
A036670,596
A278280,597
A039030,598
A248070,599
A033170,600
A024890,601
A019440,602
A236200,603
A002410,604
A101360,605
A000370,606
A133820,607
A000660,608
A125210,609
A004380,610
A307280,611
A004000,612
A119830,613
A128940,614
A000440,615
A027580,616
A222420,617
A052900,618
A149950,619
A001720,620
A003550,621
A011330,622
A122900,623
A023000,624
A115500,625
A051380,626
A069730,627
A004710,628
A005380,629
A013570,630
A010050,631
A088130,632
A226440,633
A309930,634
A005390,635
A148150,636
A005710,637
A204270,638
A004450,639
A170030,640
A014130,641
A040910,642
A009190,643
A047770,644
A023350,645
A010620,646
A112040,647
A093320,648
A239890,649
A267290,650
A007540,651
A066570,652
A067280,653
A017940,654
A004700,655
A005820,656
A041830,657
A091700,658
A097800,659
A263540,660
A005610,661
A001060,662
A034950,663
A196170,664
A072710,665
A067080,666
A322180,667
A005300,668
A005500,669
A042420,670
A100120,671
A319400,672
A002920,673
A046310,674
A009900,675
A003010,676
A049800,677
A221980,678
A161580,679
A171120,680
A015360,681
A131970,682
A053700,683
A059100,684
A009150,685
A065350,686
A075580,687
A003460,688
A252990,689
A050890,690
A105560,691
A138930,692
A011320,693
A033500,694
A002680,695
A241790,696
A031820,697
A140070,698
A141000,699
A000400,700
A037560,701
A083500,702
A003380,703
A003310,704
A000950,705
A055490,706
A042700,707
A005720,708
A105740,709
A029960,710
A228850,711
A036530,712
A108230,713
A134380,714
A264850,715
A041960,716
A037760,717
A010770,718
A064960,719
A081580,720
A028670,721
A050110,722
A041650,723
A002960,724
A093920,725
A238200,726
A036890,727
A043370,728
A052220,729
A039490,730
A027710,731
A014440,732
A297890,733
A055550,734
A317330,735
A058470,736
A003300,737
A007590,738
A008700,739
A095270,740
A086980,741
A008770,742
A053270,743
A023810,744
A001520,745
A072470,746
A045100,747
A051630,748
A042500,749
A000590,750
A096350,751
A067160,752
A007310,753
A032980,754
A028260,755
A336060,756
A306620,757
A006570,758
A003920,759
A053260,760
A010280,761
A227840,762
A023910,763
A223250,764
A214260,765
A045300,766
A009440,767
A192650,768
A032830,769
A001620,770
A019010,771
A068790,772
A017800,773
A009200,774
A279600,775
A020560,776
A043090,777
A000700,778
A025320,779
A000520,780
A064850,781
A089470,782
A104830,783
A092220,784
A126640,785
A032850,786
A101930,787
A002810,788
A036170,789
A088910,790
A237880,791
A318020,792
A023760,793
A018700,794
A123040,795
A025860,796
A196450,797
A067920,798
A004980,799
A017960,800
A036630,801
A340570,802
A067570,803
A007460,804
A036540,805
A078930,806
A303360,807
A016360,808
A069620,809
A026940,810
A243840,811
A064800,812
A322780,813
A048410,814
A051910,815
A011810,816
A106190,817
A023440,818
A229640,819
A263750,820
A140520,821
A012700,822
A131760,823
A003410,824
A298690,825
A007530,826
A003690,827
A128660,828
A092870,829
A153710,830
A009470,831
A189980,832
A012330,833
A072870,834
A115160,835
A107590,836
A261200,837
A204020,838
A038070,839
A111710,840
A051780,841
A263690,842
A046390,843
A054040,844
A079940,845
A005430,846
A115480,847
A014830,848
A082660,849
A068930,850
A035890,851
A003830,852
A032620,853
A001040,854
A096640,855
A093050,856
A155650,857
A024840,858
A082740,859
A001270,860
A054540,861
A120240,862
A104540,863
A004430,864
A099750,865
A044380,866
A217500,867
A006140,868
A018250,869
A024090,870
A029460,871
A293490,872
A095570,873
A032960,874
A001740,875
A005680,876
A087260,877
A200710,878
A060980,879
A119500,880
A000860,881
A001200,882
A095610,883
A092780,884
A048430,885
A060850,886
A080420,887
A020150,888
A014470,889
A340930,890
A110990,891
A197140,892
A038950,893
A063170,894
A002760,895
A015860,896
A035610,897
A123860,898
A311690,899
A006800,900
A097780,901
A032940,902
A067990,903
A267250,904
A161390,905
A000680,906
A002240,907
A065440,908
A002840,909
A060540,910
A080520,911
A250060,912
A005870,913
A039010,914
A120030,915
A009320,916
A013870,917
A268280,918
A015230,919
A068240,920
A339950,921
A000020,922
A250000,923
A001130,924
A034230,925
A242040,926
A000300,927
A005990,928
A005180,929
A030520,930
A378850,931
A003540,932
A013700,933
A078140,934
A068760,935
A085620,936
A007610,937
A049080,938
A068050,939
A011150,940
A011210,941
A034020,942
A281820,943
A043650,944
A086390,945
A050860,946
A073010,947
A003650,948
A000970,949
A357780,950
A023450,951
A039610,952
A000910,953
A313760,954
A383800,955
A054670,956
A096760,957
A326030,958
A004970,959
A302430,960
A042670,961
A064820,962
A005940,963
A137950,964
A142760,965
A075180,966
A008040,967
A265520,968
A139130,969
A038680,970
A005670,971
A304100,972
A023590,973
A082270,974
A002460,975
A054090,976
A038540,977
A047310,978
A122310,979
A063440,980
A009270,981
A033830,982
A010240,983
A185750,984
A091990,985
A122640,986
A102260,987
A009770,988
A204320,989
A056360,990
A109740,991
A080010,992
A272210,993
A336260,994
A043910,995
A073560,996
A001820,997
A033320,998
A053300,999
A036460,1000
A000640,1001
A009290,1002
A067290,1003
A049430,1004
A000050,1005
A080470,1006
A000670,1007
A180640,1008
A019590,1009
A003490,1010
A051600,1011
A009680,1012
A068270,1013
A039840,1014
A039200,1015
A009180,1016
A066620,1017
A143160,1018
A004780,1019
A004310,1020
A023770,1021
A317400,1022
A004650,1023
A036830,1024
A006200,1025
A065450,1026
A015760,1027
A014820,1028
A203450,1029
A010950,1030
A198440,1031
A094840,1032
A023900,1033
A004720,1034
A155660,1035
A290740,1036
A016580,1037
A032560,1038
A177830,1039
A153490,1040
A238490,1041
A024940,1042
A053620,1043
A023150,1044
A092230,1045
A213500,1046
A356890,1047
A052330,1048
A032640,1049
A123410,1050
A085310,1051
A066700,1052
A072770,1053
A294630,1054
A092130,1055
A042660,1056
A002230,1057
A101330,1058
A039830,1059
A004990,1060
A128820,1061
A030000,1062
A314930,1063
A085810,1064
A037030,1065
A131090,1066
A064260,1067
A082640,1068
A206640,1069
A038500,1070
A136540,1071
A049630,1072
A091340,1073
A006620,1074
A220180,1075
A046140,1076
A004770,1077
A004060,1078
A016090,1079
A006370,1080
A000720,1081
A025980,1082
A183300,1083
A080580,1084
A039440,1085
A011040,1086
A039420,1087
A228670,1088
A044960,1089
A002380,1090
A192820,1091
A294140,1092
A066900,1093
A081660,1094
A039340,1095
A019210,1096
A041930,1097
A024070,1098
A026960,1099
A073490,1100
A001550,1101
A012340,1102
A033290,1103
A000220,1104
A042370,1105
A051490,1106
A084370,1107
A067830,1108
A018260,1109
A234080,1110
A344820,1111
A023530,1112
A253450,1113
A240810,1114
A063570,1115
A000180,1116
A139050,1117
A017480,1118
A001000,1119
A131030,1120
A290120,1121
A001810,1122
A004910,1123
A071200,1124
A049960,1125
A124500,1126
A083790,1127
A025000,1128
A008350,1129
A001510,1130
A004150,1131
A082850,1132
A217820,1133
A302440,1134
A003350,1135
A161890,1136
A037350,1137
A007160,1138
A004560,1139
A145990,1140
A008970,1141
A005690,1142
A066310,1143
A263700,1144
A170900,1145
A323280,1146
A009580,1147
A053350,1148
A259630,1149
A351330,1150
A208140,1151
A014280,1152
A053210,1153
A122350,1154
A262840,1155
A277410,1156
A088350,1157
A130500,1158
A050120,1159
A078000,1160
A071670,1161
A016800,1162
A099220,1163
A215360,1164
A142280,1165
A000320,1166
A094940,1167
A100790,1168
A000650,1169
A347770,1170
A163730,1171
A238090,1172
A264900,1173
A001260,1174
A011930,1175
A110790,1176
A000540,1177
A017890,1178
A014990,1179
A217730,1180
A288330,1181
A061250,1182
A004170,1183
A006980,1184
A034730,1185
A214390,1186
A001430,1187
A030210,1188
A060150,1189
A194370,1190
A210540,1191
A255440,1192
A002100,1193
A024120,1194
A006090,1195
A012750,1196
A015710,1197
A039860,1198
A280360,1199
A014940,1200
A057540,1201
A192080,1202
A256840,1203
A120110,1204
A006120,1205
A065130,1206
A031860,1207
A014570,1208
A289010,1209
A241520,1210
A033920,1211
A034310,1212
A046890,1213
A008060,1214
A285490,1215
A069510,1216
A054620,1217
A073110,1218
A089980,1219
A003470,1220
A043340,1221
A007680,1222
A017510,1223
A041910,1224
A142210,1225
A010780,1226
A001680,1227
A002290,1228
A102120,1229
A023460,1230
A003800,1231
A009540,1232
A232140,1233
A097950,1234
A017000,1235
A163560,1236
A006660,1237
A196490,1238
A049180,1239
A002720,1240
A016600,1241
A131290,1242
A097520,1243
A053030,1244
A004020,1245
A012790,1246
A012610,1247
A065950,1248
A010600,1249
A040160,1250
A025540,1251
A092460,1252
A004590,1253
A008420,1254
A017370,1255
A095720,1256
A003480,1257
A037460,1258
A092070,1259
A036480,1260
A123750,1261
A272450,1262
A039130,1263
A226330,1264
A241690,1265
A002800,1266
A012160,1267
A014970,1268
A080160,1269
A105630,1270
A178920,1271
A336370,1272
A035150,1273
A044450,1274
A022220,1275
A032790,1276
A102460,1277
A000070,1278
A160980,1279
A035810,1280
A027050,1281
A004410,1282
A184230,1283
A009450,1284
A286940,1285
A288620,1286
A018290,1287
A234690,1288
A021650,1289
A004800,1290
A096770,1291
A267980,1292
A102710,1293
A034220,1294
A027970,1295
A004270,1296
A267790,1297
A003080,1298
A002450,1299
A321550,1300
A023410,1301
A204840,1302
A092440,1303
A218410,1304
A002020,1305
A138580,1306
A001540,1307
A023960,1308
A267320,1309
A011790,1310
A043610,1311
A265740,1312
A003100,1313
A000040,1314
A001500,1315
A035420,1316
A058820,1317
A068400,1318
A038290,1319
A061970,1320
A241840,1321
A035250,1322
A203650,1323
A054050,1324
A036800,1325
A011280,1326
A045060,1327
A052600,1328
A293480,1329
A221840,1330
A094280,1331
A011370,1332
A017390,1333
A096630,1334
A034120,1335
A299170,1336
A024060,1337
A192440,1338
A039570,1339
A001470,1340
A217620,1341
A100130,1342
A036200,1343
A019680,1344
A084690,1345
A130580,1346
A084670,1347
A237820,1348
A087010,1349
A066910,1350
A084010,1351
A004090,1352
A038460,1353
A103840,1354
A007070,1355
A214180,1356
A037330,1357
A014530,1358
A104460,1359
A005090,1360
A025880,1361
A126560,1362
A187220,1363
A267850,1364
A024800,1365
A030530,1366
A016740,1367
A037070,1368
A002990,1369
A008370,1370
A005880,1371
A359090,1372
A101530,1373
A064760,1374
A273060,1375
A002170,1376
A004840,1377
A036090,1378
A260930,1379
A123890,1380
A082800,1381
A028100,1382
A002620,1383
A253840,1384
A046210,1385
A226320,1386
A160550,1387
A239340,1388
A040610,1389
A052790,1390
A007110,1391
A215790,1392
A057030,1393
A145020,1394
A333620,1395
A092730,1396
A038390,1397
A115960,1398
A060570,1399
A186230,1400
A000240,1401
A078070,1402
A131220,1403
A010960,1404
A010170,1405
A129260,1406
A086450,1407
A034810,1408
A021240,1409
A090850,1410
A018680,1411
A222110,1412
A214320,1413
A256940,1414
A190650,1415
A019990,1416
A083420,1417
A246960,1418
A008930,1419
A039310,1420
A104700,1421
A100590,1422
A291230,1423
A075970,1424
A317240,1425
A020000,1426
A095190,1427
A049120,1428
A002310,1429
A074430,1430
A039020,1431
A069960,1432
A094850,1433
A159910,1434
A084850,1435
A005960,1436
A001750,1437
A083550,1438
A099320,1439
A264450,1440
A013990,1441
A034940,1442
A030610,1443
A071320,1444
A243070,1445
A017650,1446
A021880,1447
A330860,1448
A036000,1449
A100700,1450
A018880,1451
A090350,1452
A234300,1453
A003070,1454
A121440,1455
A014160,1456
A005360,1457
A308100,1458
A048870,1459
A017550,1460
A071050,1461
A001290,1462
A263770,1463
A123420,1464
A123690,1465
A092040,1466
A032300,1467
A272550,1468
A011170,1469
A027410,1470
A054780,1471
A214420,1472
A210980,1473
A348030,1474
A016610,1475
A069540,1476
A007690,1477
A192250,1478
A026150,1479
A023600,1480
A000210,1481
A007980,1482
A066360,1483
A001780,1484
A021050,1485
A052260,1486
A000080,1487
A017180,1488
A072020,1489
A099190,1490
A322310,1491
A201490,1492
A021320,1493
A206400,1494
A255220,1495
A139480,1496
A066590,1497
A314130,1498
A002880,1499
A045390,1500
A108380,1501
A049550,1502
A066130,1503
A002780,1504
A027830,1505
A005740,1506
A010060,1507
A008830,1508
A006840,1509
A009460,1510
A005110,1511
A013120,1512
A000500,1513
A002360,1514
A012690,1515
A003530,1516
A033130,1517
A034830,1518
A059090,1519
A036690,1520
A003580,1521
A302550,1522
A216080,1523
A298060,1524
A187420,1525
A308170,1526
A009070,1527
A195500,1528
A007570,1529
A062860,1530
A097870,1531
A011690,1532
A000120,1533
A353810,1534
A078590,1535
A131370,1536
A041460,1537
A006340,1538
A025900,1539
A070960,1540
A021080,1541
A047040,1542
A035600,1543
A104040,1544
A032350,1545
A061040,1546
A011780,1547
A058430,1548
A144510,1549
A352770,1550
A002390,1551
A078020,1552
A065530,1553
A033200,1554
A078890,1555
A290550,1556
A124560,1557
A115450,1558
A016100,1559
A096240,1560
A138610,1561
A193250,1562
A272290,1563
A143240,1564
A020710,1565
A016710,1566
A203400,1567
A035620,1568
A121850,1569
A032750,1570
A122990,1571
A042510,1572
A069640,1573
A089590,1574
A016450,1575
A234340,1576
A271980,1577
A007280,1578
A222040,1579
A230980,1580
A226950,1581
A294570,1582
A052860,1583
A256630,1584
A046940,1585
A052670,1586
A111110,1587
A002210,1588
A098460,1589
A159580,1590
A037230,1591
A191420,1592
A086890,1593
A018620,1594
A044340,1595
A036030,1596
A067900,1597
A005250,1598
A284740,1599
A065680,1600
A014790,1601
A251370,1602
A003240,1603
A002630,1604
A269620,1605
A036580,1606
A220100,1607
A003520,1608
A006360,1609
A119860,1610
A356860,1611
A057050,1612
A033640,1613
A035720,1614
A038880,1615
A289080,1616
A007210,1617
A049830,1618
A134790,1619
A063160,1620
A006650,1621
A114450,1622
A078940,1623
A199800,1624
A046440,1625
A017810,1626
A012280,1627
A100220,1628
A166480,1629
A318410,1630
A298020,1631
A147760,1632
A030190,1633
A066410,1634
A246710,1635
A317120,1636
A043220,1637
A048910,1638
A035760,1639
A319660,1640
A260660,1641
A361610,1642
A317530,1643
A041520,1644
A006050,1645
A013580,1646
A002320,1647
A079160,1648
A303030,1649
A078340,1650
A019550,1651
A000390,1652
A000890,1653
A000140,1654
A078160,1655
A347700,1656
A012800,1657
A060380,1658
A230360,1659
A104480,1660
A109820,1661
A258610,1662
A041190,1663
A215600,1664
A200130,1665
A001230,1666
A031510,1667
A005750,1668
A031310,1669
A348350,1670
A214610,1671
A023800,1672
A011390,1673
A069080,1674
A164060,1675
A089600,1676
A001840,1677
A357230,1678
A222980,1679
A058400,1680
A108670,1681
A001020,1682
A068290,1683
A024720,1684
A331520,1685
A007700,1686
A095910,1687
A003090,1688
A025750,1689
A096530,1690
A143540,1691
A294090,1692
A148250,1693
A004490,1694
A009240,1695
A008490,1696
A187870,1697
A007860,1698
A081000,1699
A002690,1700
A054920,1701
A038530,1702
A006490,1703
A102280,1704
A136490,1705
A018120,1706
A067390,1707
A304840,1708
A020120,1709
A071460,1710
A067170,1711
A228340,1712
A256150,1713
A089970,1714
A013810,1715
A123570,1716
A143210,1717
A089140,1718
A239610,1719
A194480,1720
A307930,1721
A008250,1722
A001630,1723
A330350,1724
A332370,1725
A199820,1726
A072990,1727
A065650,1728
A059270,1729
A147830,1730
A046120,1731
A133750,1732
A012630,1733
A323990,1734
A044820,1735
A007330,1736
A353190,1737
A306040,1738
A227950,1739
A047080,1740
A317690,1741
A086820,1742
A053280,1743
A122450,1744
A205470,1745
A033560,1746
A226340,1747
A248170,1748
A048530,1749
A339770,1750
A031440,1751
A033270,1752
A076610,1753
A006280,1754
A337930,1755
A079980,1756
A089150,1757
A004870,1758
A115390,1759
A200780,1760
A043590,1761
A294870,1762
A002790,1763
A077360,1764
A036420,1765
A052460,1766
A041920,1767
A244920,1768
A354200,1769
A006390,1770
A090150,1771
A090430,1772
A007720,1773
A138070,1774
A016880,1775
A065170,1776
A088290,1777
A024950,1778
A080720,1779
A298540,1780
A079430,1781
A006060,1782
A205500,1783
A327260,1784
A052710,1785
A012200,1786
A335810,1787
A067000,1788
A052420,1789
A040350,1790
A001380,1791
A034300,1792
A097230,1793
A235980,1794
A286750,1795
A004540,1796
A003000,1797
A084680,1798
A005320,1799
A001360,1800
A232680,1801
A026890,1802
A195990,1803
A265560,1804
A086710,1805
A053160,1806
A246690,1807
A051160,1808
A003850,1809
A169330,1810
A032860,1811
A139670,1812
A060240,1813
A352940,1814
A065660,1815
A019770,1816
A001880,1817
A200470,1818
A014190,1819
A181710,1820
A050960,1821
A092190,1822
A234100,1823
A079970,1824
A019170,1825
A251270,1826
A348150,1827
A016250,1828
A011200,1829
A003060,1830
A004960,1831
A016380,1832
A361390,1833
A032500,1834
A065150,1835
A121800,1836
A178320,1837
A052400,1838
A058110,1839
A245620,1840
A084990,1841
A082210,1842
A039560,1843
A036570,1844
A258830,1845
A347860,1846
A013890,1847
A214330,1848
A045520,1849
A260970,1850
A019660,1851
A115180,1852
A263720,1853
A138080,1854
A069460,1855
A363260,1856
A299900,1857
A244460,1858
A051900,1859
A289220,1860
A042940,1861
A032680,1862
A053580,1863
A241590,1864
A084180,1865
A068330,1866
A332570,1867
A312610,1868
A290520,1869
A363280,1870
A005010,1871
A084110,1872
A005440,1873
A084650,1874
A004440,1875
A334970,1876
A004140,1877
A119650,1878
A118000,1879
A027360,1880
A263920,1881
A012510,1882
A189330,1883
A003120,1884
A301300,1885
A105550,1886
A093240,1887
A217270,1888
A127710,1889
A033540,1890
A276730,1891
A227100,1892
A094860,1893
A252500,1894
A053950,1895
A009620,1896
A042000,1897
A224110,1898
A024810,1899
A025950,1900
A290720,1901
A009410,1902
A285130,1903
A071840,1904
A225220,1905
A297090,1906
A067370,1907
A156100,1908
A298000,1909
A263020,1910
A089030,1911
A200230,1912
A088800,1913
A018000,1914
A270660,1915
A217330,1916
A375500,1917
A185490,1918
A020760,1919
A096040,1920
A262260,1921
A236810,1922
A011000,1923
A052300,1924
A045660,1925
A300120,1926
A263050,1927
A056090,1928
A305090,1929
A206650,1930
A241820,1931
A030350,1932
A089230,1933
A066980,1934
A278650,1935
A012170,1936
A216050,1937
A140410,1938
A129890,1939
A383310,1940
A207760,1941
A104620,1942
A060900,1943
A270870,1944
A208340,1945
A014200,1946
A053290,1947
A290380,1948
A042040,1949
A060250,1950
A297570,1951
A383220,1952
A208640,1953
A229000,1954
A004830,1955
A352700,1956
A291650,1957
A095700,1958
A053080,1959
A194700,1960
A101140,1961
A037710,1962
A293780,1963
A347740,1964
A033180,1965
A299660,1966
A114630,1967
A078130,1968
A002200,1969
A192410,1970
A053590,1971
A268600,1972
A033310,1973
A086960,1974
A214870,1975
A006040,1976
A038620,1977
A091090,1978
A049770,1979
A017670,1980
A003560,1981
A175250,1982
A031430,1983
A219550,1984
A192400,1985
A003200,1986
A035510,1987
A096690,1988
A000480,1989
A293580,1990
A183190,1991
A300720,1992
A151910,1993
A001530,1994
A044060,1995
A016590,1996
A183490,1997
A005800,1998
A181340,1999
A013720,2000
